102,102,102,102,102,102,102,102,102,102,102,102,102,102,102,102,102,102,102,102,102,102,102,102,102,102,102,102,102,102,104,104,104,104,104,104,104,104,104,104,104,104,104,104,104,104,104,104,104,104,104,104,104,104,104,104,104,104,104,104,104,104,104,104,104,104,104,104,104,104,104,104,104,104,104,104,116,116,116,116,116,116,105,105,105,105,105,105,105,105,105,105,105,105,105,105,105,105,105,105
102,102,102,102,102,102,102,102,102,102,102,102,102,102,102,102,102,102,102,102,102,102,102,102,102,102,102,102,102,102,104,104,104,104,104,104,104,104,104,104,104,104,104,104,104,104,104,104,104,104,104,104,104,104,104,104,104,104,104,104,104,104,104,104,104,104,104,104,104,104,104,104,104,104,104,104,116,116,116,116,116,116,-1,-1,105,105,105,105,105,105,105,105,105,105,105,105,105,105,105,105
102,102,102,102,102,102,102,102,102,102,102,102,102,102,102,102,102,102,102,102,102,102,102,102,102,102,102,102,102,102,104,104,104,104,104,104,104,104,104,104,104,104,104,104,104,104,104,104,104,104,104,104,104,104,104,104,104,104,104,104,104,104,104,104,104,104,104,104,104,104,10,10,10,104,104,104,116,116,116,116,116,116,-1,-1,105,105,105,105,105,105,105,105,105,105,105,105,105,105,105,105
102,102,102,102,102,102,102,102,102,102,102,102,102,102,102,102,102,102,102,102,102,102,102,102,108,108,108,108,108,12,12,12,108,108,104,104,104,104,104,104,104,104,104,104,104,104,104,104,104,104,104,104,104,104,104,104,104,104,104,104,104,104,104,104,104,104,104,104,104,104,10,10,10,104,104,104,116,116,116,116,116,116,-1,-1,-1,105,105,105,105,105,105,105,105,105,105,105,105,105,105,105
102,102,102,102,102,102,102,102,102,102,102,102,102,102,102,102,102,102,102,102,102,102,102,102,108,108,108,108,108,12,12,12,108,108,104,104,104,104,104,104,104,104,104,104,104,104,104,104,104,104,104,104,104,104,104,104,104,104,104,104,104,104,104,104,104,104,104,104,104,104,10,10,10,104,104,116,116,116,116,116,-1,-1,-1,-1,-1,-1,105,105,105,105,105,105,105,105,105,105,105,105,105,105
102,102,102,102,102,102,102,102,102,102,102,102,102,102,102,102,102,102,102,102,102,102,108,108,108,108,108,108,108,12,12,12,108,108,104,104,104,104,104,104,104,104,104,104,104,104,104,104,104,104,104,104,104,104,104,104,104,104,104,104,104,104,104,104,104,104,104,104,104,104,104,104,104,104,104,116,116,-1,-1,-1,-1,5,5,5,-1,-1,105,105,105,105,105,105,105,105,105,105,105,105,105,105
102,102,102,102,102,102,102,102,102,102,102,102,102,102,102,102,102,102,102,102,102,108,108,108,108,108,108,108,108,108,108,108,108,108,104,104,104,104,104,104,104,104,104,104,104,104,104,104,104,104,104,104,104,104,104,104,104,104,104,104,104,104,104,104,104,104,104,104,104,104,104,104,104,104,104,116,116,-1,-1,-1,-1,5,5,5,-1,-1,-1,105,105,105,105,105,105,105,105,105,105,105,105,105
102,102,102,102,102,102,102,102,102,102,102,102,102,102,102,102,117,117,117,117,117,108,108,108,108,108,108,108,108,108,108,108,108,108,108,108,108,108,104,104,104,104,104,104,104,104,104,104,104,104,104,104,104,104,104,104,104,104,104,104,104,104,104,104,104,104,104,104,104,104,104,104,104,104,116,116,116,-1,111,111,111,5,5,5,-1,-1,105,105,105,105,105,105,105,105,105,105,105,105,105,105
102,102,102,102,102,102,102,102,102,102,102,102,102,102,102,117,117,117,117,117,117,117,108,108,108,108,108,108,108,108,108,108,108,108,108,108,108,108,108,108,-1,-1,-1,-1,104,104,104,104,104,104,104,104,104,104,104,104,104,104,104,104,104,104,104,104,104,104,104,104,104,104,104,104,104,116,116,116,116,111,111,111,111,111,-1,-1,-1,-1,105,105,105,105,105,105,105,105,105,105,105,105,105,105
102,102,102,102,102,102,102,102,102,102,102,102,102,117,117,117,117,117,117,117,117,117,117,108,108,108,108,108,108,108,108,108,108,108,108,108,108,108,108,-1,-1,-1,-1,-1,104,104,104,104,104,104,104,104,104,104,104,104,104,104,104,104,104,104,104,104,104,104,201,104,104,104,104,104,104,116,116,116,111,111,111,111,111,111,111,-1,-1,-1,105,105,105,105,105,105,105,105,105,105,105,105,105,105
102,102,102,102,102,102,102,102,102,102,102,102,117,117,117,117,117,117,117,117,117,117,117,117,108,108,108,108,108,108,108,108,108,108,108,108,108,108,-1,-1,-1,-1,-1,-1,-1,-1,104,104,104,104,104,104,104,104,104,104,104,104,104,104,104,104,104,104,104,104,104,104,104,104,104,116,116,116,116,-1,111,111,111,111,111,111,111,-1,-1,-1,105,105,105,105,105,105,105,105,105,105,105,105,105,105
102,102,102,102,102,102,102,102,102,102,102,102,102,102,117,117,117,117,117,117,117,117,117,117,117,117,117,106,108,108,108,108,108,108,108,108,106,-1,-1,-1,-1,-1,-1,-1,4,4,4,104,104,104,104,104,104,107,104,104,104,104,104,104,104,104,104,104,104,104,104,104,104,104,104,104,116,116,116,-1,111,111,111,111,111,111,111,-1,-1,-1,105,105,105,105,105,105,105,105,105,105,105,105,105,105
102,102,102,102,102,102,102,102,102,102,102,102,102,102,117,117,117,117,117,117,117,117,117,117,117,117,117,106,106,106,106,108,108,108,108,106,106,-1,-1,-1,-1,-1,-1,-1,4,4,4,104,104,104,104,104,104,107,107,104,104,104,104,107,104,116,116,104,116,116,116,116,104,116,116,116,116,116,-1,-1,-1,111,111,111,111,111,-1,-1,-1,-1,105,105,105,105,105,105,105,105,105,105,105,105,105,105
102,102,102,102,102,102,102,102,102,102,102,102,102,102,117,117,117,117,117,117,117,117,117,117,117,117,117,109,109,109,109,106,108,108,106,106,-1,-1,-1,-1,-1,-1,-1,-1,4,4,4,-1,-1,104,104,104,104,104,107,107,104,107,104,107,116,116,116,116,116,116,116,116,116,116,116,116,116,-1,-1,-1,-1,204,111,111,111,-1,-1,-1,-1,-1,105,105,105,105,105,105,105,105,105,105,105,105,105,105
102,102,102,102,102,102,102,102,102,102,102,102,102,102,117,117,117,117,117,117,117,117,117,117,117,117,117,109,109,109,109,106,106,106,106,-1,-1,-1,-1,-1,-1,-1,-1,-1,-1,-1,-1,-1,-1,104,104,104,104,104,104,107,107,107,107,107,116,116,116,116,116,116,116,116,116,116,116,116,-1,-1,-1,-1,-1,-1,-1,-1,-1,-1,-1,-1,-1,105,105,105,105,105,105,105,105,105,105,105,105,105,105,105
102,102,102,102,102,102,102,102,102,102,102,102,102,102,117,117,117,117,117,117,117,117,117,117,117,117,117,109,109,109,109,109,109,106,106,106,-1,-1,-1,-1,-1,-1,-1,-1,-1,-1,-1,-1,-1,-1,-1,107,107,107,107,107,107,107,107,107,116,116,116,116,116,116,116,116,116,116,116,116,-1,-1,-1,112,112,112,112,112,-1,-1,-1,-1,-1,105,105,105,105,105,105,105,105,105,105,105,105,105,105,105
102,102,102,102,102,102,102,102,102,102,102,102,102,102,117,117,117,117,117,117,117,117,117,117,117,117,117,109,109,109,109,109,109,-1,106,106,-1,-1,-1,-1,-1,-1,-1,-1,-1,-1,-1,-1,-1,-1,-1,107,107,107,107,107,107,107,107,107,107,116,116,116,116,116,116,116,116,116,116,116,-1,-1,112,112,112,112,112,112,-1,-1,-1,-1,105,105,105,105,105,105,105,105,105,105,105,105,105,105,105,105
102,102,102,102,102,102,102,102,102,102,117,117,117,117,117,117,117,117,117,117,117,117,117,117,117,117,-1,109,109,109,109,109,109,109,-1,106,106,-1,-1,-1,-1,-1,-1,-1,-1,-1,110,-1,-1,-1,-1,-1,-1,-1,107,107,107,107,107,107,107,107,116,116,116,116,116,116,116,-1,-1,-1,-1,-1,112,112,112,112,112,112,112,-1,-1,-1,-1,105,105,105,105,105,105,105,105,105,105,105,105,105,105,105
102,102,102,102,102,102,102,102,102,102,117,117,117,117,117,117,117,117,117,117,117,117,117,117,117,117,-1,109,109,109,109,109,109,109,-1,-1,106,106,-1,-1,-1,-1,-1,110,110,110,110,110,110,-1,-1,-1,-1,-1,-1,107,107,107,107,107,107,107,116,116,116,116,116,-1,-1,-1,-1,-1,-1,-1,112,112,112,112,112,112,112,-1,-1,-1,-1,105,105,105,105,105,105,105,105,105,105,105,105,105,105,105
102,102,102,102,102,102,102,102,102,302,302,302,302,302,117,117,117,117,117,117,117,117,117,117,117,-1,109,109,109,109,109,109,109,109,109,-1,-1,106,106,-1,-1,-1,110,110,110,110,110,110,110,110,110,110,110,110,110,110,107,107,107,107,107,107,116,107,-1,-1,-1,-1,-1,-1,-1,-1,-1,-1,112,112,112,112,112,112,112,-1,-1,-1,-1,105,105,105,105,105,105,105,105,105,105,105,105,105,105,105
102,102,102,102,102,102,102,102,102,302,302,302,302,302,117,117,117,117,117,117,117,117,117,117,117,-1,109,109,109,109,109,109,109,109,109,109,109,-1,106,106,106,-1,110,110,110,110,110,110,110,110,110,110,110,110,110,110,110,110,107,107,107,107,107,107,107,-1,-1,-1,-1,-1,-1,-1,-1,-1,112,112,112,112,112,112,112,-1,-1,-1,-1,-1,105,105,105,105,105,105,105,105,105,105,105,105,105,105
102,102,102,102,102,102,102,102,102,302,302,302,302,302,117,117,117,117,117,117,117,117,117,117,117,-1,109,109,109,109,109,109,109,109,109,109,109,109,109,106,106,106,110,110,110,110,110,110,110,110,110,110,110,110,110,110,110,110,110,107,107,107,107,107,107,107,-1,-1,-1,-1,-1,-1,-1,-1,-1,112,112,112,112,112,-1,-1,-1,-1,-1,-1,-1,105,105,105,105,105,105,105,105,105,105,105,105,105
102,102,102,102,102,102,102,102,102,302,302,302,302,302,117,117,117,117,117,117,117,117,117,117,117,-1,109,109,109,109,109,109,109,109,109,109,109,109,109,109,106,106,106,106,-1,-1,-1,110,110,110,110,110,110,110,110,110,110,110,110,110,107,107,107,107,107,107,-1,-1,-1,-1,-1,-1,-1,-1,-1,-1,-1,-1,-1,-1,-1,-1,-1,-1,-1,-1,-1,105,105,105,105,105,105,105,105,105,105,105,105,105
102,102,102,102,102,102,102,102,102,302,302,302,302,302,117,117,117,117,117,117,117,117,117,117,-1,-1,109,109,109,109,109,109,109,109,109,109,109,109,109,109,109,109,106,106,106,106,106,106,-1,-1,-1,-1,-1,110,110,110,110,110,110,110,110,107,107,107,107,107,107,107,-1,101,101,101,101,101,101,101,101,101,101,101,101,101,101,101,-1,-1,-1,105,105,105,105,105,105,105,105,105,105,105,105,105
102,102,102,102,102,102,102,102,102,102,117,117,117,117,117,117,117,117,117,117,117,117,117,117,-1,-1,109,109,109,109,109,109,109,109,109,109,109,109,109,109,109,-1,-1,-1,-1,-1,106,106,106,106,106,-1,-1,-1,-1,-1,202,110,110,110,110,110,107,107,107,107,107,107,107,101,101,101,101,101,101,101,101,101,101,101,101,101,101,101,-1,-1,9,9,9,105,105,105,105,105,105,105,105,105,105,105
102,102,102,102,102,102,102,102,102,102,117,117,117,117,117,117,117,117,117,117,117,117,117,-1,-1,109,109,109,109,109,109,109,109,109,109,109,109,109,109,109,109,-1,-1,-1,-1,-1,-1,-1,106,106,106,106,106,-1,-1,-1,-1,-1,-1,110,110,110,110,107,107,107,107,107,107,101,101,101,101,101,101,101,101,101,101,101,101,101,101,101,-1,-1,9,9,9,105,105,105,105,105,105,105,207,105,105,105
102,102,102,102,102,102,102,102,102,102,117,117,117,117,117,117,117,117,117,117,117,117,117,-1,11,11,11,109,109,109,109,109,109,109,109,109,109,109,109,109,-1,-1,-1,-1,-1,-1,-1,301,301,301,301,301,106,106,-1,-1,-1,-1,-1,-1,110,110,110,110,107,107,107,107,107,107,101,101,101,101,101,101,101,101,101,101,101,101,101,101,-1,-1,9,9,9,105,105,105,105,105,105,105,105,105,105,105
102,102,102,102,102,102,102,102,102,102,117,117,117,117,117,117,117,117,117,117,117,117,117,-1,11,11,11,109,109,109,109,109,109,109,109,109,109,109,109,109,109,109,109,-1,-1,-1,-1,301,301,301,301,301,106,106,106,106,-1,-1,-1,303,303,303,110,110,107,107,107,107,107,107,107,101,101,101,101,101,101,101,101,101,101,101,101,101,-1,-1,-1,105,105,105,105,105,105,105,105,105,105,105,105,117
102,102,102,102,102,102,102,102,102,102,117,117,117,117,117,117,117,117,117,117,117,117,117,-1,11,11,11,109,109,109,109,109,109,109,109,109,109,109,109,109,109,109,109,109,109,-1,-1,301,301,301,301,301,106,106,106,-1,-1,-1,-1,303,303,303,-1,110,110,107,107,107,107,107,107,107,101,101,101,101,101,101,101,101,101,101,101,101,-1,-1,-1,105,105,105,105,105,105,105,105,105,105,105,105,105
102,102,102,102,102,102,102,102,102,102,117,117,117,117,117,117,117,117,117,117,117,117,-1,-1,109,109,109,109,109,109,109,109,109,109,109,109,109,109,109,109,109,109,109,109,-1,-1,-1,301,301,301,301,301,106,106,-1,-1,-1,-1,-1,303,303,303,-1,-1,107,107,107,107,107,107,107,107,107,101,101,101,101,101,101,101,101,101,101,101,101,-1,-1,105,105,105,105,105,105,105,105,105,105,105,105,105
102,102,102,102,102,102,102,102,102,102,117,117,117,117,117,117,117,117,117,117,117,117,-1,-1,109,109,109,109,109,109,109,109,109,109,109,109,109,109,109,109,109,109,109,109,-1,-1,-1,301,301,301,301,301,106,-1,-1,-1,-1,-1,-1,303,303,303,-1,-1,107,107,107,107,107,107,107,107,107,-1,-1,-1,-1,-1,-1,-1,-1,-1,-1,-1,-1,-1,115,105,105,105,105,105,105,105,105,105,105,105,105,105
102,102,102,102,102,102,102,102,102,102,117,117,117,117,117,117,117,117,117,117,117,-1,-1,-1,-1,109,109,109,109,109,109,109,109,109,109,109,109,109,109,109,109,109,109,109,109,109,-1,-1,-1,-1,106,106,106,7,7,7,-1,-1,-1,-1,-1,-1,-1,-1,-1,107,107,107,107,107,107,107,107,107,-1,-1,-1,-1,-1,-1,-1,-1,-1,115,115,115,115,105,105,105,105,105,105,105,105,105,105,105,105,105
102,102,102,102,102,102,102,102,102,102,117,117,117,117,117,117,117,117,117,117,117,-1,-1,-1,109,109,109,109,109,109,109,109,109,109,109,109,109,109,109,109,109,109,109,109,109,-1,-1,-1,-1,-1,106,106,-1,7,7,7,-1,-1,-1,-1,-1,-1,-1,-1,-1,107,107,107,107,107,107,107,107,107,-1,-1,-1,-1,-1,-1,-1,115,115,115,115,115,115,115,105,105,105,105,105,105,105,105,105,105,105,105
102,102,102,102,102,102,102,102,102,102,102,102,117,117,117,117,117,117,117,117,117,-1,109,109,109,109,109,109,109,109,109,109,109,109,109,109,109,109,109,109,109,109,109,109,109,-1,-1,-1,-1,106,106,106,-1,7,7,7,-1,-1,-1,-1,-1,-1,-1,-1,107,107,107,-1,107,107,107,107,107,107,107,-1,-1,-1,-1,-1,115,115,115,115,115,115,115,115,105,105,105,105,105,105,105,105,105,105,105,105
102,102,102,102,102,102,102,102,102,102,102,102,102,102,117,117,117,117,117,117,-1,-1,-1,-1,109,109,109,109,109,109,109,109,109,109,109,109,109,109,109,109,109,109,109,109,109,109,-1,-1,-1,106,106,-1,-1,-1,-1,-1,-1,-1,-1,-1,-1,-1,-1,107,107,107,-1,-1,-1,107,107,107,107,107,107,107,1,1,1,-1,115,115,115,115,115,115,115,115,105,105,105,105,105,105,105,105,105,105,105,105
102,102,102,102,102,102,102,102,102,102,102,102,102,102,117,117,117,117,117,-1,-1,109,-1,109,109,109,109,109,109,109,109,109,109,109,109,109,109,109,109,109,109,109,109,-1,-1,-1,-1,-1,106,106,106,-1,-1,-1,-1,-1,-1,-1,-1,-1,-1,-1,-1,107,107,-1,-1,-1,-1,107,-1,107,107,107,107,107,1,1,1,-1,115,115,115,115,115,115,115,115,105,105,105,105,105,105,105,105,105,105,105,105
102,102,102,102,102,102,102,102,102,102,102,102,102,102,102,117,117,-1,-1,-1,-1,-1,109,109,109,109,109,109,109,109,109,109,109,109,109,109,109,109,109,109,109,109,109,-1,-1,-1,-1,106,106,106,-1,-1,-1,-1,-1,-1,-1,-1,-1,-1,-1,107,107,107,-1,-1,-1,-1,-1,-1,-1,-1,107,107,107,107,1,1,1,-1,115,115,115,115,115,115,115,115,105,105,105,105,105,105,105,105,105,105,105,105
102,102,102,102,102,102,102,102,102,102,102,102,102,102,102,102,102,-1,-1,-1,-1,109,109,109,109,109,109,109,109,109,109,109,109,109,109,109,109,109,109,109,109,109,109,-1,-1,-1,-1,106,106,106,-1,-1,-1,-1,-1,-1,-1,-1,-1,107,107,107,-1,-1,-1,-1,-1,-1,-1,-1,-1,-1,-1,107,107,107,107,-1,-1,-1,-1,115,115,115,115,115,115,105,105,105,105,105,105,105,105,105,105,105,105,105
102,102,102,102,102,102,102,102,102,102,102,102,102,102,102,102,102,-1,-1,-1,-1,109,109,109,109,109,109,109,109,109,109,109,109,109,109,109,109,109,109,109,109,109,109,-1,-1,-1,-1,106,106,-1,-1,-1,-1,-1,-1,-1,-1,-1,-1,-1,-1,-1,-1,-1,-1,-1,-1,-1,-1,-1,-1,-1,-1,-1,107,107,107,-1,-1,-1,-1,-1,115,115,115,115,115,105,105,105,105,105,105,105,105,105,105,105,105,105
102,102,102,102,102,102,102,102,102,102,102,102,102,102,102,102,102,-1,-1,-1,-1,109,109,109,109,109,109,109,109,109,109,109,109,109,109,109,109,109,109,109,109,109,109,109,3,3,3,106,106,106,-1,-1,-1,-1,-1,-1,-1,-1,-1,-1,-1,-1,-1,-1,-1,-1,-1,-1,-1,-1,-1,-1,-1,-1,107,107,-1,-1,-1,-1,-1,-1,115,115,115,115,105,105,105,105,105,105,105,105,105,105,105,105,105,105
102,102,102,102,102,102,102,102,102,102,102,102,102,102,102,102,102,-1,-1,-1,-1,-1,109,109,109,109,109,109,109,109,109,109,109,109,109,109,109,109,109,109,109,109,109,109,3,3,3,-1,106,106,106,-1,-1,-1,-1,-1,-1,-1,-1,-1,-1,-1,-1,-1,-1,-1,-1,-1,-1,-1,-1,-1,-1,-1,-1,107,-1,-1,-1,-1,-1,-1,105,105,105,105,105,105,105,105,105,105,105,105,105,105,105,105,105,105
102,102,102,102,102,102,102,102,102,102,102,102,102,102,102,14,14,14,-1,-1,-1,-1,-1,109,109,109,109,109,109,109,109,109,109,109,109,109,109,109,109,109,109,109,109,109,3,3,3,-1,106,106,106,106,106,-1,-1,-1,-1,-1,-1,-1,-1,-1,-1,-1,-1,-1,-1,-1,-1,-1,-1,-1,-1,-1,-1,-1,-1,-1,106,106,106,105,105,105,105,105,105,105,105,105,105,105,105,105,105,105,105,105,105,105
102,102,102,102,102,102,102,102,102,102,102,102,102,102,102,14,14,14,-1,-1,-1,-1,-1,-1,-1,109,109,109,109,109,109,109,109,109,109,109,109,109,109,109,109,109,109,109,109,-1,-1,-1,-1,106,106,203,106,106,106,106,-1,-1,-1,-1,-1,-1,-1,-1,-1,-1,-1,-1,-1,-1,-1,-1,-1,-1,-1,-1,106,106,106,106,105,105,105,105,105,105,105,105,105,105,105,105,105,105,105,105,105,105,105,105
102,102,102,102,102,102,102,102,102,102,102,102,102,102,102,14,14,14,-1,-1,-1,-1,-1,-1,109,109,109,109,109,109,109,109,109,109,109,109,109,109,109,109,109,109,109,109,109,-1,-1,-1,-1,-1,106,106,106,106,106,106,106,106,-1,-1,-1,-1,-1,-1,13,13,13,-1,-1,-1,-1,-1,-1,-1,-1,-1,106,106,106,106,105,105,105,105,105,105,105,105,105,105,105,105,105,105,105,105,105,105,105,105
102,102,102,102,102,102,102,102,102,102,102,102,102,102,102,102,102,-1,-1,-1,-1,-1,-1,-1,109,-1,109,109,109,109,109,109,109,109,109,109,109,109,109,109,109,109,109,-1,109,-1,-1,-1,-1,-1,-1,106,106,106,106,106,106,106,106,106,106,-1,-1,-1,13,13,13,-1,-1,-1,-1,-1,-1,-1,-1,106,106,106,106,105,105,105,105,105,105,105,105,105,105,105,105,105,105,105,105,105,105,105,105,105
102,102,102,102,102,102,102,102,102,102,102,102,102,102,102,102,102,-1,-1,-1,-1,-1,-1,-1,-1,-1,-1,-1,109,109,109,109,-1,-1,-1,-1,-1,-1,-1,109,109,109,-1,-1,-1,-1,-1,-1,-1,-1,-1,-1,-1,-1,106,106,106,106,106,106,106,106,106,-1,13,13,13,-1,-1,-1,-1,-1,-1,-1,106,106,106,106,105,105,105,105,105,105,105,105,105,105,105,105,105,105,105,105,105,105,105,105,105,105
102,102,102,102,102,102,102,102,102,102,102,102,102,102,102,102,102,-1,-1,-1,-1,-1,-1,-1,-1,-1,-1,-1,-1,109,109,-1,-1,-1,-1,-1,114,114,-1,-1,109,109,-1,-1,-1,-1,-1,-1,-1,-1,-1,-1,-1,-1,-1,-1,106,106,106,106,106,106,106,106,106,106,106,-1,-1,106,106,-1,106,106,106,106,106,106,105,105,105,105,105,105,105,105,105,105,105,105,105,105,105,105,105,105,105,105,105,105
102,102,102,102,102,102,102,102,102,102,102,102,102,102,102,102,102,-1,-1,-1,-1,-1,-1,-1,-1,-1,-1,-1,-1,-1,-1,-1,-1,-1,114,114,114,-1,-1,-1,-1,-1,-1,-1,114,-1,114,114,-1,-1,-1,-1,-1,-1,-1,-1,-1,-1,106,106,106,106,106,106,106,106,106,106,106,106,106,106,106,106,106,106,106,106,105,105,105,105,105,105,105,105,105,105,105,105,105,105,105,105,105,105,105,105,105,105
102,102,102,102,102,102,102,102,102,102,102,102,102,102,102,102,102,-1,-1,-1,-1,-1,-1,-1,-1,114,114,-1,-1,114,-1,114,114,114,114,114,114,114,114,114,114,114,-1,114,114,114,-1,114,-1,-1,-1,-1,-1,-1,-1,-1,-1,-1,-1,-1,106,106,106,106,106,106,106,106,106,106,106,106,106,106,106,106,106,106,105,105,105,105,105,105,105,105,105,105,105,105,105,105,105,105,105,105,105,105,105,105
102,102,102,102,102,102,102,102,102,102,102,102,102,102,102,102,102,-1,-1,-1,-1,-1,-1,-1,114,114,114,114,114,114,114,114,114,114,114,114,114,114,114,114,114,114,114,114,114,114,114,114,114,114,114,114,114,114,114,114,-1,-1,-1,-1,-1,-1,106,106,106,106,106,106,106,106,106,106,106,106,106,106,106,106,106,105,105,105,105,105,105,105,105,105,105,105,105,105,105,105,105,105,105,105,105,105
102,102,102,102,102,102,102,102,102,102,102,102,102,102,-1,-1,-1,-1,-1,-1,-1,-1,-1,114,114,114,114,114,114,114,114,114,114,114,114,114,114,114,114,114,114,114,114,114,114,114,114,114,114,114,114,114,114,114,114,114,114,114,114,-1,-1,-1,-1,-1,106,106,106,106,106,106,106,106,106,106,106,106,106,106,106,105,105,105,105,105,105,105,105,105,105,105,105,105,105,105,105,105,105,105,105,105
102,102,102,102,102,102,102,102,102,102,102,102,102,102,-1,-1,-1,-1,-1,-1,-1,114,114,114,114,114,114,114,114,114,114,114,114,114,114,114,114,114,114,114,114,114,114,114,114,114,114,114,114,114,114,114,114,114,114,114,114,114,-1,-1,-1,-1,-1,-1,-1,-1,-1,106,106,106,106,106,106,106,106,106,106,106,105,105,105,105,105,105,105,105,105,105,105,105,105,105,105,118,105,105,105,105,105,105
102,102,102,102,102,102,102,102,102,102,102,102,102,-1,-1,-1,-1,-1,-1,-1,205,114,114,114,114,114,114,114,114,114,114,114,114,114,114,114,114,114,114,114,114,114,114,114,114,114,114,114,114,114,114,114,114,114,114,114,114,-1,-1,-1,-1,-1,-1,-1,-1,-1,-1,-1,106,106,106,106,106,106,106,106,106,106,106,105,105,105,105,105,105,105,105,105,105,105,105,105,105,118,118,105,105,105,105,105
102,102,102,102,102,102,102,102,102,102,102,102,-1,-1,-1,-1,-1,-1,-1,-1,114,114,114,114,114,114,114,114,114,114,114,114,114,114,114,114,114,114,114,114,114,114,114,114,114,114,114,114,114,114,114,114,114,114,114,114,114,114,114,-1,-1,-1,-1,-1,-1,-1,-1,-1,-1,-1,106,106,106,106,106,106,106,106,106,106,105,105,105,105,105,105,105,105,105,105,105,105,105,118,118,118,118,118,105,105
102,102,102,102,102,102,102,102,102,102,102,102,-1,-1,-1,-1,-1,-1,-1,-1,8,8,8,114,114,114,114,114,114,114,114,114,114,114,114,114,114,114,114,114,114,103,114,114,114,114,103,114,114,114,114,103,103,114,114,114,114,114,114,114,114,-1,-1,-1,-1,-1,-1,-1,-1,-1,-1,-1,106,106,106,106,106,106,106,106,105,105,105,105,105,105,105,105,105,105,105,105,105,105,118,118,118,105,105,105
102,102,102,102,102,102,102,102,102,102,-1,-1,-1,-1,-1,-1,-1,-1,-1,-1,8,8,8,-1,114,114,114,114,114,114,103,103,114,103,114,114,103,103,103,103,103,103,103,103,114,114,114,114,103,114,103,103,103,103,114,114,103,103,-1,-1,114,114,114,114,114,-1,-1,-1,-1,-1,-1,-1,-1,-1,106,106,106,106,106,105,105,105,105,105,105,105,105,105,105,105,105,105,105,105,118,118,118,105,105,105
102,102,102,102,102,102,102,102,102,102,102,-1,-1,-1,-1,-1,-1,-1,-1,-1,8,8,8,-1,114,114,113,113,113,103,103,103,103,103,114,103,103,103,103,103,103,103,103,103,114,103,103,114,103,103,103,103,103,103,103,114,103,103,-1,-1,-1,-1,-1,-1,-1,-1,-1,-1,-1,-1,-1,-1,-1,-1,-1,-1,106,106,106,106,105,105,105,105,105,105,105,105,105,105,105,105,105,105,105,105,105,105,105,105
102,102,102,102,102,102,102,102,102,102,-1,-1,-1,-1,-1,-1,-1,-1,-1,-1,-1,-1,-1,114,113,-1,113,113,113,103,103,103,103,103,103,103,103,103,103,103,103,103,103,103,103,103,103,114,103,103,103,103,103,103,103,103,103,103,-1,-1,-1,-1,-1,-1,-1,-1,-1,-1,-1,-1,-1,-1,-1,-1,-1,-1,-1,-1,105,105,105,105,105,105,105,105,105,105,105,105,105,105,105,105,105,105,105,105,105,105
102,102,102,102,102,102,102,102,102,102,-1,-1,-1,-1,-1,-1,-1,-1,-1,-1,-1,-1,-1,113,113,113,113,113,113,103,103,103,103,103,103,103,103,103,103,103,103,103,103,103,103,103,103,103,103,103,103,103,103,103,103,103,103,103,-1,-1,-1,-1,-1,-1,-1,-1,-1,-1,-1,-1,-1,-1,-1,-1,-1,-1,-1,-1,105,105,105,105,105,105,105,105,105,105,105,105,105,105,105,105,105,105,105,105,105,105
102,102,102,102,102,102,102,102,102,102,-1,102,102,-1,-1,-1,-1,-1,-1,-1,-1,-1,-1,113,113,113,113,113,113,103,103,103,103,103,103,103,103,103,103,103,103,103,103,103,103,103,103,103,103,103,103,103,103,103,103,103,103,103,-1,-1,-1,-1,-1,-1,-1,-1,-1,-1,-1,-1,-1,-1,-1,-1,-1,-1,-1,105,105,105,105,105,105,105,105,105,105,105,105,105,105,105,105,105,105,105,105,105,105,105
102,102,102,102,102,102,102,102,102,102,102,102,102,102,102,102,102,-1,-1,113,-1,113,113,113,113,113,113,113,113,113,103,103,103,103,103,103,103,103,103,103,103,103,103,103,103,103,103,103,103,103,103,103,103,103,103,103,103,103,-1,-1,-1,-1,-1,-1,-1,-1,-1,-1,-1,-1,-1,-1,-1,-1,6,6,6,105,105,105,105,105,105,105,105,105,105,105,105,105,105,105,105,105,105,105,105,105,105,105
102,102,102,102,102,102,102,102,102,102,102,102,102,102,102,102,-1,-1,-1,113,113,113,113,113,113,113,113,113,113,103,103,103,103,103,103,103,103,103,103,103,103,103,103,103,103,103,103,103,103,103,103,103,103,103,103,103,103,103,2,2,2,-1,-1,-1,-1,-1,-1,-1,-1,-1,-1,-1,-1,-1,6,6,6,105,105,105,105,105,105,105,105,105,105,105,105,105,105,105,105,105,105,105,105,105,105,105
102,102,102,102,102,102,102,102,102,102,102,102,102,102,102,-1,-1,-1,-1,113,113,113,113,113,113,113,113,113,113,113,103,103,103,103,103,103,103,103,103,103,103,103,103,103,103,103,103,103,103,103,103,103,103,103,103,103,103,103,2,2,2,-1,-1,-1,-1,-1,-1,-1,-1,-1,-1,-1,105,105,6,6,6,105,105,105,105,105,105,105,105,105,105,105,105,105,105,105,105,105,105,105,105,105,105,105
102,102,102,102,102,102,102,102,102,102,102,102,102,-1,-1,-1,-1,-1,113,113,113,113,113,113,113,113,113,113,113,113,113,113,113,-1,103,103,103,103,103,103,103,103,103,103,103,103,103,103,103,103,103,103,103,103,103,103,103,103,2,2,2,-1,-1,-1,-1,-1,-1,-1,-1,-1,-1,105,105,105,105,105,105,105,105,105,105,105,105,105,105,105,105,105,105,105,105,105,105,105,105,105,105,105,105,105
102,102,102,102,102,102,102,102,102,102,102,102,-1,-1,-1,-1,-1,-1,113,113,113,113,113,113,113,113,113,113,113,113,113,113,113,-1,103,103,103,103,103,103,103,103,103,103,103,103,103,103,103,103,103,103,103,103,103,103,103,103,-1,-1,-1,-1,-1,-1,-1,-1,-1,-1,-1,-1,-1,105,105,105,105,105,105,105,105,105,105,105,105,105,105,105,105,105,105,105,105,105,105,105,105,105,105,105,105,105
102,102,102,102,102,102,102,102,102,102,102,-1,-1,-1,-1,-1,-1,-1,-1,-1,-1,113,113,113,113,113,113,113,113,113,113,113,113,-1,103,103,103,103,103,103,103,103,103,103,103,103,103,103,103,103,103,103,103,103,103,103,103,103,-1,-1,-1,-1,-1,-1,-1,-1,-1,-1,105,105,105,105,105,105,105,105,105,105,105,105,105,105,105,105,105,105,105,105,105,105,105,105,105,105,105,105,105,105,105,105
102,102,102,102,102,102,102,102,102,102,-1,-1,-1,-1,-1,-1,-1,-1,-1,-1,-1,113,113,113,113,113,113,113,113,113,113,113,113,-1,-1,-1,-1,-1,-1,-1,-1,-1,-1,-1,-1,-1,-1,206,-1,-1,-1,103,103,103,103,103,103,103,-1,-1,-1,-1,-1,-1,-1,-1,105,105,105,105,105,105,105,105,105,105,105,105,105,105,105,105,105,105,105,105,105,105,105,105,105,105,105,105,105,105,105,105,105,105
102,102,102,102,102,102,102,102,102,102,-1,-1,-1,-1,-1,-1,-1,-1,-1,-1,-1,-1,-1,-1,-1,-1,-1,113,113,113,113,113,-1,-1,-1,-1,-1,-1,-1,-1,-1,-1,-1,-1,-1,-1,-1,-1,-1,-1,-1,-1,-1,-1,-1,-1,-1,-1,-1,-1,-1,-1,105,105,105,105,105,105,105,105,105,105,105,105,105,105,105,105,105,105,105,105,105,105,105,105,105,105,105,105,105,105,105,105,105,105,105,105,105,105
102,102,102,102,102,102,102,102,102,102,-1,-1,-1,-1,-1,-1,-1,-1,-1,-1,-1,-1,-1,-1,-1,-1,-1,-1,-1,-1,-1,-1,-1,-1,-1,-1,-1,-1,-1,-1,-1,-1,-1,-1,-1,-1,-1,-1,-1,-1,-1,-1,-1,-1,-1,-1,-1,105,105,105,105,105,105,105,105,105,105,105,105,105,105,105,105,105,105,105,105,105,105,105,105,105,105,105,105,105,105,105,105,105,105,105,105,105,105,105,105,105,105,105
102,102,102,102,102,102,102,102,102,102,-1,-1,-1,-1,-1,-1,-1,-1,-1,-1,-1,-1,-1,-1,-1,-1,-1,-1,-1,-1,-1,-1,-1,-1,-1,-1,-1,-1,-1,-1,-1,-1,-1,-1,-1,-1,-1,-1,-1,-1,-1,-1,-1,-1,-1,-1,-1,105,105,105,105,105,105,105,105,105,105,105,105,105,105,105,105,105,105,105,105,105,105,105,105,105,105,105,105,105,105,105,105,105,105,105,105,105,105,105,105,105,105,105
